Workbook

Sheet Multiplication factors
A1: Conductivity Temperature Compensation factor | D1: Multiplication factor for P | H1: Multiplication factor for K | K1: Multiplication factor for OC | O1: Multiplication factor for B | S1: Multiplication factor for S | W1: Multiplication factor for Zn | AA1: Multiplication factor for Fe | AE1: Multiplication factor for Mn | AI1: Multiplication factor for Cu
A2: Temp (°C) | B2: Factor | D2: Concentration | E2: Absorabance | H2: Concentration | I2: Absorabance | K2: Concentration | L2: Absorabance | O2: Concentration | P2: Absorabance | S2: Concentration | T2: Absorabance | W2: Concentration | X2: Absorabance | AA2: Concentration | AB2: Absorabance | AE2: Concentration | AF2: Absorabance | AI2: Concentration | AJ2: Absorabance
A3: 3 | B3: 1.709 | D3: 1 | E3: 0.27 | F3: =ROUND(D3/E3,3) -> 3.704 | K3: 0.042 | L3: 0.003 | M3: =ROUND(K3/(100*L3),3) -> 0.14 | O3: 0.4 | P3: 0.037 | Q3: =O3/P3 -> 10.810811 | S3: 4 | T3: 0.025 | U3: =S3/T3 -> 160 | W3: 2 | X3: 0.4143 | Y3: =ROUND(W3/X3,3) -> 4.827 | AA3: 5 | AB3: 0.182 | AC3: =ROUND(AA3/AB3,3) -> 27.473 | AE3: 2 | AF3: 0.1234 | AG3: =ROUND(AE3/AF3,3) -> 16.207 | AI3: 2 | AJ3: 0.151 | AK3: =ROUND(AI3/AJ3,3) -> 13.245
A4: 4 | B4: 1.66 | D4: 2 | E4: 0.273 | F4: =ROUND(D4/E4,3) -> 7.326 | K4: 0.21 | L4: 0.015 | M4: =ROUND(K4/(100*L4),3) -> 0.14 | O4: 0.8 | P4: 0.08 | Q4: =O4/P4 -> 10 | S4: 8 | T4: 0.048 | U4: =S4/T4 -> 166.66667 | W4: 4 | X4: 0.5659 | Y4: =ROUND(W4/X4,3) -> 7.068 | AA4: 10 | AB4: 0.3252 | AC4: =ROUND(AA4/AB4,3) -> 30.75 | AE4: 4 | AF4: 0.2111 | AG4: =ROUND(AE4/AF4,3) -> 18.948 | AI4: 4 | AJ4: 0.2486 | AK4: =ROUND(AI4/AJ4,3) -> 16.09
A5: 5 | B5: 1.613 | D5: 3 | E5: 0.273 | F5: =ROUND(D5/E5,3) -> 10.989 | K5: 0.42 | L5: 0.044 | M5: =ROUND(K5/(100*L5),3) -> 0.095 | O5: 1.2 | P5: 0.132 | Q5: =O5/P5 -> 9.0909091 | S5: 12 | T5: 0.073 | U5: =S5/T5 -> 164.38356 | W5: 6 | X5: 0.6213 | Y5: =ROUND(W5/X5,3) -> 9.657 | AA5: 15 | AB5: 0.4013 | AC5: =ROUND(AA5/AB5,3) -> 37.379 | AE5: 6 | AF5: 0.2841 | AG5: =ROUND(AE5/AF5,3) -> 21.119 | AI5: 6 | AJ5: 0.3404 | AK5: =ROUND(AI5/AJ5,3) -> 17.626
A6: 6 | B6: 1.569 | D6: 4 | E6: 0.277 | F6: =ROUND(D6/E6,3) -> 14.44 | K6: 0.63 | L6: 0.047 | M6: =ROUND(K6/(100*L6),3) -> 0.134 | O6: 1.6 | P6: 0.142 | Q6: =O6/P6 -> 11.267606 | S6: 16 | T6: 0.102 | U6: =S6/T6 -> 156.86275 | W6: 8 | X6: 0.6866 | Y6: =ROUND(W6/X6,3) -> 11.652 | AA6: 20 | AB6: 0.4865 | AC6: =ROUND(AA6/AB6,3) -> 41.11 | AE6: 8 | AF6: 0.3684 | AG6: =ROUND(AE6/AF6,3) -> 21.716 | AI6: 8 | AJ6: 0.4758 | AK6: =ROUND(AI6/AJ6,3) -> 16.814
A7: 7 | B7: 1.528 | D7: 5 | E7: 0.279 | F7: =ROUND(D7/E7,3) -> 17.921 | K7: 0.084 | L7: 0.058 | M7: =ROUND(K7/(100*L7),3) -> 0.014 | O7: 2 | P7: 0.185 | Q7: =O7/P7 -> 10.810811 | S7: 20 | T7: 0.132 | U7: =S7/T7 -> 151.51515 | W7: 10 | X7: 0.7298 | Y7: =ROUND(W7/X7,3) -> 13.702 | AA7: 25 | AB7: 0.557 | AC7: =ROUND(AA7/AB7,3) -> 44.883 | AE7: 10 | AF7: 0.4621 | AG7: =ROUND(AE7/AF7,3) -> 21.64 | AI7: 10 | AJ7: 0.535 | AK7: =ROUND(AI7/AJ7,3) -> 18.692
A8: 8 | B8: 1.488 | D8: 6 | E8: 0.284 | F8: =ROUND(D8/E8,3) -> 21.127 | K8: 1.05 | L8: 0.075 | M8: =ROUND(K8/(100*L8),3) -> 0.14 | O8: 2.4 | P8: 0.197 | Q8: =O8/P8 -> 12.182741 | Y8: =ROUND(SUM(Y3:Y7)/5,3) -> 9.381 | AC8: =ROUND(SUM(AC3:AC7)/5,3) -> 36.319 | AG8: =ROUND(SUM(AG3:AG7)/5,3) -> 19.926 | AK8: =ROUND(SUM(AK3:AK7)/5,3) -> 16.493
A9: 9 | B9: 1.448 | D9: 7 | E9: 0.288 | F9: =ROUND(D9/E9,3) -> 24.306 | K9: 1.26 | L9: 0.082 | M9: =ROUND(K9/(100*L9),3) -> 0.154
A10: 10 | B10: 1.411 | D10: 8 | E10: 0.292 | F10: =ROUND(D10/E10,3) -> 27.397 | K10: 1.47 | L10: 0.097 | M10: =ROUND(K10/(100*L10),3) -> 0.152
A11: 11 | B11: 1.375 | D11: 9 | E11: 0.321 | F11: =ROUND(D11/E11,3) -> 28.037 | K11: 1.68 | L11: 0.131 | M11: =ROUND(K11/(100*L11),3) -> 0.128
A12: 12 | B12: 1.341 | D12: 10 | E12: 0.326 | F12: =ROUND(D12/E12,3) -> 30.675 | K12: 1.89 | L12: 0.134 | M12: =ROUND(K12/(100*L12),3) -> 0.141
A13: 13 | B13: 1.309 | F13: =ROUND(SUM(F3:F12)/COUNT(F3:F12),3) -> 18.592 | K13: 2.1 | L13: 0.151 | M13: =ROUND(K13/(100*L13),3) -> 0.139
A14: 14 | B14: 1.277 | M14: =ROUND(SUM(M3:M13)/COUNT(M3:M13),3) -> 0.125 | Q14: =(ROUND(SUM(Q3:Q8)/COUNT(Q3:Q8),3))/5 -> 2.1388 | U14: 43.25
A15: 15 | B15: 1.247
A16: 16 | B16: 1.218
A17: 17 | B17: 1.189
A18: 18 | B18: 1.163
A19: 18.2 | B19: 1.157
A20: 18.4 | B20: 1.152
A21: 18.6 | B21: 1.147
A22: 18.8 | B22: 1.142
A23: 19 | B23: 1.136
A24: 19.2 | B24: 1.131
A25: 19.4 | B25: 1.127
A26: 19.6 | B26: 1.122
... A107: 47 | B107: 0.683

Sheet pH & EC
A1: Sample No. | B1: pH | C1: Observed electrical Conductivity | D1: Temperature | E1: Compensation factor | F1: Corrected Electrical Conductivity
A2: 1 | B2: 6.78 | C2: 0.15 | D2: 27 | E2: =IF(D2="","",VLOOKUP(D2,'Multiplication factors'!$A$3:$B$107,2,1)) -> 0.96 | F2: =IF(D2="","",ROUND(C2*E2,2)) -> 0.14
A3: 2 | B3: 6.85 | C3: 0.19 | D3: 27 | E3: =IF(D3="","",VLOOKUP(D3,'Multiplication factors'!$A$3:$B$107,2,1)) -> 0.96 | F3: =IF(D3="","",ROUND(C3*E3,2)) -> 0.18
A4: 3 | B4: 6.71 | C4: 0.37 | D4: 27 | E4: =IF(D4="","",VLOOKUP(D4,'Multiplication factors'!$A$3:$B$107,2,1)) -> 0.96 | F4: =IF(D4="","",ROUND(C4*E4,2)) -> 0.36
A5: 4 | B5: 6.66 | C5: 0.23 | D5: 27 | E5: =IF(D5="","",VLOOKUP(D5,'Multiplication factors'!$A$3:$B$107,2,1)) -> 0.96 | F5: =IF(D5="","",ROUND(C5*E5,2)) -> 0.22
A6: 5 | B6: 6.99 | C6: 0.29 | D6: 27 | E6: =IF(D6="","",VLOOKUP(D6,'Multiplication factors'!$A$3:$B$107,2,1)) -> 0.96 | F6: =IF(D6="","",ROUND(C6*E6,2)) -> 0.28
A7: 6 | B7: 6.71 | C7: 0.23 | D7: 27 | E7: =IF(D7="","",VLOOKUP(D7,'Multiplication factors'!$A$3:$B$107,2,1)) -> 0.96 | F7: =IF(D7="","",ROUND(C7*E7,2)) -> 0.22
A8: 7 | B8: 6.92 | C8: 0.41 | D8: 27 | E8: =IF(D8="","",VLOOKUP(D8,'Multiplication factors'!$A$3:$B$107,2,1)) -> 0.96 | F8: =IF(D8="","",ROUND(C8*E8,2)) -> 0.39
A9: 8 | B9: 6.66 | C9: 0.36 | D9: 27 | E9: =IF(D9="","",VLOOKUP(D9,'Multiplication factors'!$A$3:$B$107,2,1)) -> 0.96 | F9: =IF(D9="","",ROUND(C9*E9,2)) -> 0.35
A10: 9 | B10: 6.91 | C10: 0.22 | D10: 27 | E10: =IF(D10="","",VLOOKUP(D10,'Multiplication factors'!$A$3:$B$107,2,1)) -> 0.96 | F10: =IF(D10="","",ROUND(C10*E10,2)) -> 0.21
A11: 10 | B11: 7.05 | C11: 0.45 | D11: 27 | E11: =IF(D11="","",VLOOKUP(D11,'Multiplication factors'!$A$3:$B$107,2,1)) -> 0.96 | F11: =IF(D11="","",ROUND(C11*E11,2)) -> 0.43
A12: 11 | B12: 7.02 | C12: 0.25 | D12: 27 | E12: =IF(D12="","",VLOOKUP(D12,'Multiplication factors'!$A$3:$B$107,2,1)) -> 0.96 | F12: =IF(D12="","",ROUND(C12*E12,2)) -> 0.24
A13: 12 | B13: 6.89 | C13: 0.18 | D13: 27 | E13: =IF(D13="","",VLOOKUP(D13,'Multiplication factors'!$A$3:$B$107,2,1)) -> 0.96 | F13: =IF(D13="","",ROUND(C13*E13,2)) -> 0.17
... A126: 125 | B126: 7.95 | C126: 0.24 | D126: 27 | E126: =IF(D126="","",VLOOKUP(D126,'Multiplication factors'!$A$3:$B$107,2,1)) -> 0.96 | F126: =IF(D126="","",ROUND(C126*E126,2)) -> 0.23

Sheet NPK
B1: Nitrogen | E1: Phosphorus | H1: Potassium
A2: Sample No. | B2: Burette Reading (A) | C2: Blank Reading (B) | D2: Available N (kg/hactor) | E2: Absorbance | F2: Concentration (ppm) | G2: Available P (kg/hactor) | H2: Absorbance | I2: Concentration (ppm) | J2: Available K (kg/hactor)
A3: 1 | B3: 1.4 | C3: 0.2 | D3: =IF(B3="","",ROUND((B3-C3)*209.067,2)) -> 250.88 | E3: 0.13 | F3: =IF(E3="","",E3*'Multiplication factors'!$F$13) -> 2.41696 | G3: =IF(E3="","",ROUND(F3*2.24,2)) -> 5.41 | I3: 2.4 | J3: =IF(I3="","",ROUND(I3*11.2,2)) -> 26.88
A4: 2 | B4: 1.3 | C4: 0.2 | D4: =IF(B4="","",ROUND((B4-C4)*209.067,2)) -> 229.97 | E4: 0.158 | F4: =IF(E4="","",E4*'Multiplication factors'!$F$13) -> 2.937536 | G4: =IF(E4="","",ROUND(F4*2.24,2)) -> 6.58 | I4: 4.4 | J4: =IF(I4="","",ROUND(I4*11.2,2)) -> 49.28
A5: 3 | B5: 1.2 | C5: 0.2 | D5: =IF(B5="","",ROUND((B5-C5)*209.067,2)) -> 209.07 | E5: 0.127 | F5: =IF(E5="","",E5*'Multiplication factors'!$F$13) -> 2.361184 | G5: =IF(E5="","",ROUND(F5*2.24,2)) -> 5.29 | I5: 4.5 | J5: =IF(I5="","",ROUND(I5*11.2,2)) -> 50.4
A6: 4 | B6: 1.6 | C6: 0.2 | D6: =IF(B6="","",ROUND((B6-C6)*209.067,2)) -> 292.69 | E6: 0.15 | F6: =IF(E6="","",E6*'Multiplication factors'!$F$13) -> 2.7888 | G6: =IF(E6="","",ROUND(F6*2.24,2)) -> 6.25 | I6: 6 | J6: =IF(I6="","",ROUND(I6*11.2,2)) -> 67.2
A7: 5 | B7: 1.2 | C7: 0.2 | D7: =IF(B7="","",ROUND((B7-C7)*209.067,2)) -> 209.07 | E7: 0.135 | F7: =IF(E7="","",E7*'Multiplication factors'!$F$13) -> 2.50992 | G7: =IF(E7="","",ROUND(F7*2.24,2)) -> 5.62 | I7: 6.2 | J7: =IF(I7="","",ROUND(I7*11.2,2)) -> 69.44
A8: 6 | B8: 1.1 | C8: 0.2 | D8: =IF(B8="","",ROUND((B8-C8)*209.067,2)) -> 188.16 | E8: 0.14 | F8: =IF(E8="","",E8*'Multiplication factors'!$F$13) -> 2.60288 | G8: =IF(E8="","",ROUND(F8*2.24,2)) -> 5.83 | I8: 5.5 | J8: =IF(I8="","",ROUND(I8*11.2,2)) -> 61.6
A9: 7 | B9: 1.2 | C9: 0.2 | D9: =IF(B9="","",ROUND((B9-C9)*209.067,2)) -> 209.07 | E9: 0.106 | F9: =IF(E9="","",E9*'Multiplication factors'!$F$13) -> 1.970752 | G9: =IF(E9="","",ROUND(F9*2.24,2)) -> 4.41 | I9: 4.2 | J9: =IF(I9="","",ROUND(I9*11.2,2)) -> 47.04
A10: 8 | B10: 1 | C10: 0.2 | D10: =IF(B10="","",ROUND((B10-C10)*209.067,2)) -> 167.25 | E10: 0.175 | F10: =IF(E10="","",E10*'Multiplication factors'!$F$13) -> 3.2536 | G10: =IF(E10="","",ROUND(F10*2.24,2)) -> 7.29 | I10: 4.3 | J10: =IF(I10="","",ROUND(I10*11.2,2)) -> 48.16
A11: 9 | B11: 1.2 | C11: 0.2 | D11: =IF(B11="","",ROUND((B11-C11)*209.067,2)) -> 209.07 | E11: 0.11 | F11: =IF(E11="","",E11*'Multiplication factors'!$F$13) -> 2.04512 | G11: =IF(E11="","",ROUND(F11*2.24,2)) -> 4.58 | I11: 1.2 | J11: =IF(I11="","",ROUND(I11*11.2,2)) -> 13.44
A12: 10 | B12: 1.2 | C12: 0.2 | D12: =IF(B12="","",ROUND((B12-C12)*209.067,2)) -> 209.07 | E12: 0.138 | F12: =IF(E12="","",E12*'Multiplication factors'!$F$13) -> 2.565696 | G12: =IF(E12="","",ROUND(F12*2.24,2)) -> 5.75 | I12: 1.9 | J12: =IF(I12="","",ROUND(I12*11.2,2)) -> 21.28
A13: 11 | B13: 1.2 | C13: 0.2 | D13: =IF(B13="","",ROUND((B13-C13)*209.067,2)) -> 209.07 | E13: 0.129 | F13: =IF(E13="","",E13*'Multiplication factors'!$F$13) -> 2.398368 | G13: =IF(E13="","",ROUND(F13*2.24,2)) -> 5.37 | I13: 2.2 | J13: =IF(I13="","",ROUND(I13*11.2,2)) -> 24.64
A14: 12 | B14: 1.3 | C14: 0.2 | D14: =IF(B14="","",ROUND((B14-C14)*209.067,2)) -> 229.97 | E14: 0.137 | F14: =IF(E14="","",E14*'Multiplication factors'!$F$13) -> 2.547104 | G14: =IF(E14="","",ROUND(F14*2.24,2)) -> 5.71 | I14: 2.6 | J14: =IF(I14="","",ROUND(I14*11.2,2)) -> 29.12
... A127: 125 | B127: 1.2 | C127: 0.2 | D127: =IF(B127="","",ROUND((B127-C127)*209.067,2)) -> 209.07 | E127: 0.342 | F127: =IF(E127="","",E127*'Multiplication factors'!$F$13) -> 6.358464 | G127: =IF(E127="","",ROUND(F127*2.24,2)) -> 14.24 | I127: 3.5 | J127: =IF(I127="","",ROUND(I127*11.2,2)) -> 39.2

Sheet OC, B, S
B1: OC | E1: B | H1: S
A2: Sample No. | B2: Absorbance | C2: % OC from graph factor | D2: % OC | E2: Absorbance | F2: Concentration (ppm) | G2: Available B (mg/Kg) | H2: Absorbance | I2: Concentration (ppm) | J2: Available S (mg/Kg)
A3: 1 | B3: 0.036 | C3: =ROUNDUP(B3*'Multiplication factors'!$M$14,2) -> 0.01 | D3: =IF(B3="","",C3*10) -> 0.1 | E3: 0.47 | F3: =ROUND(E3*'Multiplication factors'!$Q$14,2) -> 1.01 | G3: =ROUND(F3*2.5,2) -> 2.53 | H3: 0.018 | I3: =ROUND(H3*'Multiplication factors'!$U$14,2) -> 0.78 | J3: =ROUND(I3*12.5,2) -> 9.75
A4: 2 | B4: 0.028 | C4: =ROUNDUP(B4*'Multiplication factors'!$M$14,2) -> 0.01 | D4: =IF(B4="","",C4*10) -> 0.1 | E4: 0.168 | F4: =ROUND(E4*'Multiplication factors'!$Q$14,2) -> 0.36 | G4: =ROUND(F4*2.5,2) -> 0.9 | H4: 0.029 | I4: =ROUND(H4*'Multiplication factors'!$U$14,2) -> 1.25 | J4: =ROUND(I4*12.5,2) -> 15.63
A5: 3 | B5: 0.028 | C5: =ROUNDUP(B5*'Multiplication factors'!$M$14,2) -> 0.01 | D5: =IF(B5="","",C5*10) -> 0.1 | E5: 0.672 | F5: =ROUND(E5*'Multiplication factors'!$Q$14,2) -> 1.44 | G5: =ROUND(F5*2.5,2) -> 3.6 | H5: 0.024 | I5: =ROUND(H5*'Multiplication factors'!$U$14,2) -> 1.04 | J5: =ROUND(I5*12.5,2) -> 13
A6: 4 | B6: 0.013 | C6: =ROUNDUP(B6*'Multiplication factors'!$M$14,2) -> 0.01 | D6: =IF(B6="","",C6*10) -> 0.1 | E6: 0.241 | F6: =ROUND(E6*'Multiplication factors'!$Q$14,2) -> 0.52 | G6: =ROUND(F6*2.5,2) -> 1.3 | H6: 0.014 | I6: =ROUND(H6*'Multiplication factors'!$U$14,2) -> 0.61 | J6: =ROUND(I6*12.5,2) -> 7.63
A7: 5 | B7: 0.08 | C7: =ROUNDUP(B7*'Multiplication factors'!$M$14,2) -> 0.01 | D7: =IF(B7="","",C7*10) -> 0.1 | E7: 0.064 | F7: =ROUND(E7*'Multiplication factors'!$Q$14,2) -> 0.14 | G7: =ROUND(F7*2.5,2) -> 0.35 | H7: 0.018 | I7: =ROUND(H7*'Multiplication factors'!$U$14,2) -> 0.78 | J7: =ROUND(I7*12.5,2) -> 9.75
A8: 6 | B8: 0.065 | C8: =ROUNDUP(B8*'Multiplication factors'!$M$14,2) -> 0.01 | D8: =IF(B8="","",C8*10) -> 0.1 | E8: 0.278 | F8: =ROUND(E8*'Multiplication factors'!$Q$14,2) -> 0.59 | G8: =ROUND(F8*2.5,2) -> 1.48 | H8: 0.015 | I8: =ROUND(H8*'Multiplication factors'!$U$14,2) -> 0.65 | J8: =ROUND(I8*12.5,2) -> 8.13
A9: 7 | B9: 0.028 | C9: =ROUNDUP(B9*'Multiplication factors'!$M$14,2) -> 0.01 | D9: =IF(B9="","",C9*10) -> 0.1 | E9: 0.279 | F9: =ROUND(E9*'Multiplication factors'!$Q$14,2) -> 0.6 | G9: =ROUND(F9*2.5,2) -> 1.5 | H9: 0.008 | I9: =ROUND(H9*'Multiplication factors'!$U$14,2) -> 0.35 | J9: =ROUND(I9*12.5,2) -> 4.38
A10: 8 | B10: 0.028 | C10: =ROUNDUP(B10*'Multiplication factors'!$M$14,2) -> 0.01 | D10: =IF(B10="","",C10*10) -> 0.1 | E10: 0.287 | F10: =ROUND(E10*'Multiplication factors'!$Q$14,2) -> 0.61 | G10: =ROUND(F10*2.5,2) -> 1.53 | H10: 0.014 | I10: =ROUND(H10*'Multiplication factors'!$U$14,2) -> 0.61 | J10: =ROUND(I10*12.5,2) -> 7.63
A11: 9 | B11: 0.006 | C11: =ROUNDUP(B11*'Multiplication factors'!$M$14,2) -> 0.01 | D11: =IF(B11="","",C11*10) -> 0.1 | E11: 0.263 | F11: =ROUND(E11*'Multiplication factors'!$Q$14,2) -> 0.56 | G11: =ROUND(F11*2.5,2) -> 1.4 | H11: 0.009 | I11: =ROUND(H11*'Multiplication factors'!$U$14,2) -> 0.39 | J11: =ROUND(I11*12.5,2) -> 4.88
A12: 10 | B12: 0.021 | C12: =ROUNDUP(B12*'Multiplication factors'!$M$14,2) -> 0.01 | D12: =IF(B12="","",C12*10) -> 0.1 | E12: 0.691 | F12: =ROUND(E12*'Multiplication factors'!$Q$14,2) -> 1.48 | G12: =ROUND(F12*2.5,2) -> 3.7 | H12: 0.012 | I12: =ROUND(H12*'Multiplication factors'!$U$14,2) -> 0.52 | J12: =ROUND(I12*12.5,2) -> 6.5
A13: 11 | B13: 0.031 | C13: =ROUNDUP(B13*'Multiplication factors'!$M$14,2) -> 0.01 | D13: =IF(B13="","",C13*10) -> 0.1 | E13: 0.047 | F13: =ROUND(E13*'Multiplication factors'!$Q$14,2) -> 0.1 | G13: =ROUND(F13*2.5,2) -> 0.25 | H13: 0.023 | I13: =ROUND(H13*'Multiplication factors'!$U$14,2) -> 0.99 | J13: =ROUND(I13*12.5,2) -> 12.38
A14: 12 | B14: 0.018 | C14: =ROUNDUP(B14*'Multiplication factors'!$M$14,2) -> 0.01 | D14: =IF(B14="","",C14*10) -> 0.1 | E14: 0.261 | F14: =ROUND(E14*'Multiplication factors'!$Q$14,2) -> 0.56 | G14: =ROUND(F14*2.5,2) -> 1.4 | H14: 0.015 | I14: =ROUND(H14*'Multiplication factors'!$U$14,2) -> 0.65 | J14: =ROUND(I14*12.5,2) -> 8.13
... A127: 125 | B127: 0.092 | C127: =ROUNDUP(B127*'Multiplication factors'!$M$14,2) -> 0.02 | D127: =IF(B127="","",C127*10) -> 0.2 | E127: 0.412 | F127: =ROUND(E127*'Multiplication factors'!$Q$14,2) -> 0.88 | G127: =ROUND(F127*2.5,2) -> 2.2 | H127: 0.018 | I127: =ROUND(H127*'Multiplication factors'!$U$14,2) -> 0.78 | J127: =ROUND(I127*12.5,2) -> 9.75

Sheet Microelements
B1: Zn | D1: Fe | F1: Mn | H1: Cu
A2: Sample No. | B2: Absorbance | C2: Concentration (mg/Kg) | D2: Absorbance | E2: Concentration (mg/Kg) | F2: Absorbance | G2: Concentration (mg/Kg) | H2: Absorbance | I2: Concentration (mg/Kg)
A3: 1 | B3: 0.0675 | C3: =IF(B3="","",ROUND(B3*2*'Multiplication factors'!$Y$8,2)) -> 1.27 | D3: 0.1565 | E3: =IF(D3="","",ROUND(D3*2*'Multiplication factors'!$AC$8,2)) -> 11.37 | F3: 0.4518 | G3: =IF(F3="","",ROUND(F3*2*'Multiplication factors'!$AG$8,2)) -> 18.01 | H3: 0.2325 | I3: =IF(H3="","",ROUND(H3*2*'Multiplication factors'!$AK$8,2)) -> 7.67
A4: 2 | B4: 0.0515 | C4: =IF(B4="","",ROUND(B4*2*'Multiplication factors'!$Y$8,2)) -> 0.97 | D4: 0.1526 | E4: =IF(D4="","",ROUND(D4*2*'Multiplication factors'!$AC$8,2)) -> 11.08 | F4: 0.3848 | G4: =IF(F4="","",ROUND(F4*2*'Multiplication factors'!$AG$8,2)) -> 15.34 | H4: 0.1547 | I4: =IF(H4="","",ROUND(H4*2*'Multiplication factors'!$AK$8,2)) -> 5.1
A5: 3 | B5: 0.0208 | C5: =IF(B5="","",ROUND(B5*2*'Multiplication factors'!$Y$8,2)) -> 0.39 | D5: 0.1465 | E5: =IF(D5="","",ROUND(D5*2*'Multiplication factors'!$AC$8,2)) -> 10.64 | F5: 0.1914 | G5: =IF(F5="","",ROUND(F5*2*'Multiplication factors'!$AG$8,2)) -> 7.63 | H5: 0.1177 | I5: =IF(H5="","",ROUND(H5*2*'Multiplication factors'!$AK$8,2)) -> 3.88
A6: 4 | B6: 0.0101 | C6: =IF(B6="","",ROUND(B6*2*'Multiplication factors'!$Y$8,2)) -> 0.19 | D6: 0.082 | E6: =IF(D6="","",ROUND(D6*2*'Multiplication factors'!$AC$8,2)) -> 5.96 | F6: 0.8777 | G6: =IF(F6="","",ROUND(F6*2*'Multiplication factors'!$AG$8,2)) -> 34.98 | H6: 0.1415 | I6: =IF(H6="","",ROUND(H6*2*'Multiplication factors'!$AK$8,2)) -> 4.67
A7: 5 | B7: 0.0125 | C7: =IF(B7="","",ROUND(B7*2*'Multiplication factors'!$Y$8,2)) -> 0.23 | D7: 0.1249 | E7: =IF(D7="","",ROUND(D7*2*'Multiplication factors'!$AC$8,2)) -> 9.07 | F7: 0.8271 | G7: =IF(F7="","",ROUND(F7*2*'Multiplication factors'!$AG$8,2)) -> 32.96 | H7: 0.136 | I7: =IF(H7="","",ROUND(H7*2*'Multiplication factors'!$AK$8,2)) -> 4.49
A8: 6 | B8: 0.0942 | C8: =IF(B8="","",ROUND(B8*2*'Multiplication factors'!$Y$8,2)) -> 1.77 | D8: 0.1128 | E8: =IF(D8="","",ROUND(D8*2*'Multiplication factors'!$AC$8,2)) -> 8.19 | F8: 0.8312 | G8: =IF(F8="","",ROUND(F8*2*'Multiplication factors'!$AG$8,2)) -> 33.12 | H8: 0.1211 | I8: =IF(H8="","",ROUND(H8*2*'Multiplication factors'!$AK$8,2)) -> 3.99
A9: 7 | B9: 0.0772 | C9: =IF(B9="","",ROUND(B9*2*'Multiplication factors'!$Y$8,2)) -> 1.45 | D9: 0.1164 | E9: =IF(D9="","",ROUND(D9*2*'Multiplication factors'!$AC$8,2)) -> 8.46 | F9: 0.774 | G9: =IF(F9="","",ROUND(F9*2*'Multiplication factors'!$AG$8,2)) -> 30.85 | H9: 0.1194 | I9: =IF(H9="","",ROUND(H9*2*'Multiplication factors'!$AK$8,2)) -> 3.94
A10: 8 | B10: 0.0735 | C10: =IF(B10="","",ROUND(B10*2*'Multiplication factors'!$Y$8,2)) -> 1.38 | D10: 0.0625 | E10: =IF(D10="","",ROUND(D10*2*'Multiplication factors'!$AC$8,2)) -> 4.54 | F10: 0.5543 | G10: =IF(F10="","",ROUND(F10*2*'Multiplication factors'!$AG$8,2)) -> 22.09 | H10: 0.1243 | I10: =IF(H10="","",ROUND(H10*2*'Multiplication factors'!$AK$8,2)) -> 4.1
A11: 9 | B11: 0.08 | C11: =IF(B11="","",ROUND(B11*2*'Multiplication factors'!$Y$8,2)) -> 1.5 | D11: 0.0484 | E11: =IF(D11="","",ROUND(D11*2*'Multiplication factors'!$AC$8,2)) -> 3.52 | F11: 0.5506 | G11: =IF(F11="","",ROUND(F11*2*'Multiplication factors'!$AG$8,2)) -> 21.94 | H11: 0.2197 | I11: =IF(H11="","",ROUND(H11*2*'Multiplication factors'!$AK$8,2)) -> 7.25
A12: 10 | B12: 0.1175 | C12: =IF(B12="","",ROUND(B12*2*'Multiplication factors'!$Y$8,2)) -> 2.2 | D12: 0.0572 | E12: =IF(D12="","",ROUND(D12*2*'Multiplication factors'!$AC$8,2)) -> 4.15 | F12: 0.7706 | G12: =IF(F12="","",ROUND(F12*2*'Multiplication factors'!$AG$8,2)) -> 30.71 | H12: 0.1335 | I12: =IF(H12="","",ROUND(H12*2*'Multiplication factors'!$AK$8,2)) -> 4.4
A13: 11 | B13: 0.0677 | C13: =IF(B13="","",ROUND(B13*2*'Multiplication factors'!$Y$8,2)) -> 1.27 | D13: 0.0295 | E13: =IF(D13="","",ROUND(D13*2*'Multiplication factors'!$AC$8,2)) -> 2.14 | F13: 0.347 | G13: =IF(F13="","",ROUND(F13*2*'Multiplication factors'!$AG$8,2)) -> 13.83 | H13: 0.1113 | I13: =IF(H13="","",ROUND(H13*2*'Multiplication factors'!$AK$8,2)) -> 3.67
A14: 12 | B14: 0.0614 | C14: =IF(B14="","",ROUND(B14*2*'Multiplication factors'!$Y$8,2)) -> 1.15 | D14: 0.1318 | E14: =IF(D14="","",ROUND(D14*2*'Multiplication factors'!$AC$8,2)) -> 9.57 | F14: 0.2985 | G14: =IF(F14="","",ROUND(F14*2*'Multiplication factors'!$AG$8,2)) -> 11.9 | H14: 0.1252 | I14: =IF(H14="","",ROUND(H14*2*'Multiplication factors'!$AK$8,2)) -> 4.13
... A127: 125 | B127: 0.0776 | C127: =IF(B127="","",ROUND(B127*2*'Multiplication factors'!$Y$8,2)) -> 1.46 | D127: 0.3297 | E127: =IF(D127="","",ROUND(D127*2*'Multiplication factors'!$AC$8,2)) -> 23.95 | F127: 1.0007 | G127: =IF(F127="","",ROUND(F127*2*'Multiplication factors'!$AG$8,2)) -> 39.88 | H127: 0.0818 | I127: =IF(H127="","",ROUND(H127*2*'Multiplication factors'!$AK$8,2)) -> 2.7

Sheet cumulative
A1: Sample No. | B1: pH | C1: EC | D1: OC | E1: N | F1: P | G1: K | H1: S | I1: Zn | J1: B | K1: Fe | L1: Mn | M1: Cu
A2: ='pH & EC'!A2 -> 1 | B2: ='pH & EC'!B2 -> 6.78 | C2: ='pH & EC'!F2 -> 0.14 | D2: ='OC, B, S'!C3 -> 0.01 | E2: =NPK!D3 -> 250.88 | F2: =NPK!G3 -> 5.41 | G2: =NPK!J3 -> 26.88 | H2: ='OC, B, S'!J3 -> 9.75 | I2: =Microelements!C3 -> 1.27 | J2: ='OC, B, S'!G3 -> 2.53 | K2: =Microelements!E3 -> 11.37 | L2: =Microelements!G3 -> 18.01 | M2: =Microelements!I3 -> 7.67
A3: ='pH & EC'!A3 -> 2 | B3: ='pH & EC'!B3 -> 6.85 | C3: ='pH & EC'!F3 -> 0.18 | D3: ='OC, B, S'!C4 -> 0.01 | E3: =NPK!D4 -> 229.97 | F3: =NPK!G4 -> 6.58 | G3: =NPK!J4 -> 49.28 | H3: ='OC, B, S'!J4 -> 15.63 | I3: =Microelements!C4 -> 0.97 | J3: ='OC, B, S'!G4 -> 0.9 | K3: =Microelements!E4 -> 11.08 | L3: =Microelements!G4 -> 15.34 | M3: =Microelements!I4 -> 5.1
A4: ='pH & EC'!A4 -> 3 | B4: ='pH & EC'!B4 -> 6.71 | C4: ='pH & EC'!F4 -> 0.36 | D4: ='OC, B, S'!C5 -> 0.01 | E4: =NPK!D5 -> 209.07 | F4: =NPK!G5 -> 5.29 | G4: =NPK!J5 -> 50.4 | H4: ='OC, B, S'!J5 -> 13 | I4: =Microelements!C5 -> 0.39 | J4: ='OC, B, S'!G5 -> 3.6 | K4: =Microelements!E5 -> 10.64 | L4: =Microelements!G5 -> 7.63 | M4: =Microelements!I5 -> 3.88
A5: ='pH & EC'!A5 -> 4 | B5: ='pH & EC'!B5 -> 6.66 | C5: ='pH & EC'!F5 -> 0.22 | D5: ='OC, B, S'!C6 -> 0.01 | E5: =NPK!D6 -> 292.69 | F5: =NPK!G6 -> 6.25 | G5: =NPK!J6 -> 67.2 | H5: ='OC, B, S'!J6 -> 7.63 | I5: =Microelements!C6 -> 0.19 | J5: ='OC, B, S'!G6 -> 1.3 | K5: =Microelements!E6 -> 5.96 | L5: =Microelements!G6 -> 34.98 | M5: =Microelements!I6 -> 4.67
A6: ='pH & EC'!A6 -> 5 | B6: ='pH & EC'!B6 -> 6.99 | C6: ='pH & EC'!F6 -> 0.28 | D6: ='OC, B, S'!C7 -> 0.01 | E6: =NPK!D7 -> 209.07 | F6: =NPK!G7 -> 5.62 | G6: =NPK!J7 -> 69.44 | H6: ='OC, B, S'!J7 -> 9.75 | I6: =Microelements!C7 -> 0.23 | J6: ='OC, B, S'!G7 -> 0.35 | K6: =Microelements!E7 -> 9.07 | L6: =Microelements!G7 -> 32.96 | M6: =Microelements!I7 -> 4.49
A7: ='pH & EC'!A7 -> 6 | B7: ='pH & EC'!B7 -> 6.71 | C7: ='pH & EC'!F7 -> 0.22 | D7: ='OC, B, S'!C8 -> 0.01 | E7: =NPK!D8 -> 188.16 | F7: =NPK!G8 -> 5.83 | G7: =NPK!J8 -> 61.6 | H7: ='OC, B, S'!J8 -> 8.13 | I7: =Microelements!C8 -> 1.77 | J7: ='OC, B, S'!G8 -> 1.48 | K7: =Microelements!E8 -> 8.19 | L7: =Microelements!G8 -> 33.12 | M7: =Microelements!I8 -> 3.99
A8: ='pH & EC'!A8 -> 7 | B8: ='pH & EC'!B8 -> 6.92 | C8: ='pH & EC'!F8 -> 0.39 | D8: ='OC, B, S'!C9 -> 0.01 | E8: =NPK!D9 -> 209.07 | F8: =NPK!G9 -> 4.41 | G8: =NPK!J9 -> 47.04 | H8: ='OC, B, S'!J9 -> 4.38 | I8: =Microelements!C9 -> 1.45 | J8: ='OC, B, S'!G9 -> 1.5 | K8: =Microelements!E9 -> 8.46 | L8: =Microelements!G9 -> 30.85 | M8: =Microelements!I9 -> 3.94
A9: ='pH & EC'!A9 -> 8 | B9: ='pH & EC'!B9 -> 6.66 | C9: ='pH & EC'!F9 -> 0.35 | D9: ='OC, B, S'!C10 -> 0.01 | E9: =NPK!D10 -> 167.25 | F9: =NPK!G10 -> 7.29 | G9: =NPK!J10 -> 48.16 | H9: ='OC, B, S'!J10 -> 7.63 | I9: =Microelements!C10 -> 1.38 | J9: ='OC, B, S'!G10 -> 1.53 | K9: =Microelements!E10 -> 4.54 | L9: =Microelements!G10 -> 22.09 | M9: =Microelements!I10 -> 4.1
A10: ='pH & EC'!A10 -> 9 | B10: ='pH & EC'!B10 -> 6.91 | C10: ='pH & EC'!F10 -> 0.21 | D10: ='OC, B, S'!C11 -> 0.01 | E10: =NPK!D11 -> 209.07 | F10: =NPK!G11 -> 4.58 | G10: =NPK!J11 -> 13.44 | H10: ='OC, B, S'!J11 -> 4.88 | I10: =Microelements!C11 -> 1.5 | J10: ='OC, B, S'!G11 -> 1.4 | K10: =Microelements!E11 -> 3.52 | L10: =Microelements!G11 -> 21.94 | M10: =Microelements!I11 -> 7.25
A11: ='pH & EC'!A11 -> 10 | B11: ='pH & EC'!B11 -> 7.05 | C11: ='pH & EC'!F11 -> 0.43 | D11: ='OC, B, S'!C12 -> 0.01 | E11: =NPK!D12 -> 209.07 | F11: =NPK!G12 -> 5.75 | G11: =NPK!J12 -> 21.28 | H11: ='OC, B, S'!J12 -> 6.5 | I11: =Microelements!C12 -> 2.2 | J11: ='OC, B, S'!G12 -> 3.7 | K11: =Microelements!E12 -> 4.15 | L11: =Microelements!G12 -> 30.71 | M11: =Microelements!I12 -> 4.4
A12: ='pH & EC'!A12 -> 11 | B12: ='pH & EC'!B12 -> 7.02 | C12: ='pH & EC'!F12 -> 0.24 | D12: ='OC, B, S'!C13 -> 0.01 | E12: =NPK!D13 -> 209.07 | F12: =NPK!G13 -> 5.37 | G12: =NPK!J13 -> 24.64 | H12: ='OC, B, S'!J13 -> 12.38 | I12: =Microelements!C13 -> 1.27 | J12: ='OC, B, S'!G13 -> 0.25 | K12: =Microelements!E13 -> 2.14 | L12: =Microelements!G13 -> 13.83 | M12: =Microelements!I13 -> 3.67
A13: ='pH & EC'!A13 -> 12 | B13: ='pH & EC'!B13 -> 6.89 | C13: ='pH & EC'!F13 -> 0.17 | D13: ='OC, B, S'!C14 -> 0.01 | E13: =NPK!D14 -> 229.97 | F13: =NPK!G14 -> 5.71 | G13: =NPK!J14 -> 29.12 | H13: ='OC, B, S'!J14 -> 8.13 | I13: =Microelements!C14 -> 1.15 | J13: ='OC, B, S'!G14 -> 1.4 | K13: =Microelements!E14 -> 9.57 | L13: =Microelements!G14 -> 11.9 | M13: =Microelements!I14 -> 4.13
... A126: ='pH & EC'!A126 -> 125 | B126: ='pH & EC'!B126 -> 7.95 | C126: ='pH & EC'!F126 -> 0.23 | D126: ='OC, B, S'!C127 -> 0.02 | E126: =NPK!D127 -> 209.07 | F126: =NPK!G127 -> 14.24 | G126: =NPK!J127 -> 39.2 | H126: ='OC, B, S'!J127 -> 9.75 | I126: =Microelements!C127 -> 1.46 | J126: ='OC, B, S'!G127 -> 2.2 | K126: =Microelements!E127 -> 23.95 | L126: =Microelements!G127 -> 39.88 | M126: =Microelements!I127 -> 2.7
